Feature,Previously Analyzed Type,Current Analyzed Type,Discrepancy,Manual Review and Update
IsBeta,numerical,categorical,True,categorical
CountryIdentifier,numerical,categorical,True,categorical
LocaleEnglishNameIdentifier,numerical,categorical,True,categorical
OsBuild,numerical,categorical,True,categorical
OsSuite,numerical,categorical,True,categorical
Census_OSBuildNumber,numerical,categorical,True,categorical
Census_OSBuildRevision,numerical,categorical,True,categorical
Census_OSUILocaleIdentifier,numerical,categorical,True,categorical
ProductName,binary,binary,False,binary
IsSxsPassiveMode,binary,binary,False,binary
HasTpm,binary,binary,False,binary
Processor,binary,binary,False,binary
IsProtected,binary,binary,False,binary
AutoSampleOptIn,binary,binary,False,binary
SMode,binary,binary,False,binary
Firewall,binary,binary,False,binary
Census_DeviceFamily,binary,binary,False,binary
Census_ProcessorManufacturerIdentifier,binary,binary,False,binary
Census_HasOpticalDiskDrive,binary,binary,False,binary
Census_OSArchitecture,binary,binary,False,binary
Census_IsPortableOperatingSystem,binary,binary,False,binary
Census_ThresholdOptIn,binary,binary,False,binary
Census_IsSecureBootEnabled,binary,binary,False,binary
Census_IsVirtualDevice,binary,binary,False,binary
Census_IsTouchEnabled,binary,binary,False,binary
Census_IsPenCapable,binary,binary,False,binary
Census_IsAlwaysOnAlwaysConnectedCapable,binary,binary,False,binary
Wdft_IsGamer,binary,binary,False,binary
HasDetections,binary,binary,False,binary
MachineIdentifier,categorical,categorical,False,categorical
EngineVersion,categorical,categorical,False,categorical
AppVersion,categorical,categorical,False,categorical
AvSigVersion,categorical,categorical,False,categorical
Platform,categorical,categorical,False,categorical
OsVer,categorical,categorical,False,categorical
OsPlatformSubRelease,categorical,categorical,False,categorical
OsBuildLab,categorical,categorical,False,categorical
SkuEdition,categorical,categorical,False,categorical
PuaMode,categorical,categorical,False,categorical
SmartScreen,categorical,categorical,False,categorical
Census_MDC2FormFactor,categorical,categorical,False,categorical
Census_ProcessorClass,categorical,categorical,False,categorical
Census_PrimaryDiskTypeName,categorical,categorical,False,categorical
Census_ChassisTypeName,categorical,categorical,False,categorical
Census_PowerPlatformRoleName,categorical,categorical,False,categorical
Census_InternalBatteryType,categorical,categorical,False,categorical
Census_OSVersion,categorical,categorical,False,categorical
Census_OSBranch,categorical,categorical,False,categorical
Census_OSEdition,categorical,categorical,False,categorical
Census_OSSkuName,categorical,categorical,False,categorical
Census_OSInstallTypeName,categorical,categorical,False,categorical
Census_OSWUAutoUpdateOptionsName,categorical,categorical,False,categorical
Census_GenuineStateName,categorical,categorical,False,categorical
Census_ActivationChannel,categorical,categorical,False,categorical
Census_FlightRing,categorical,categorical,False,categorical
RtpStateBitfield,numerical,numerical,False,numerical
DefaultBrowsersIdentifier,numerical,numerical,False,numerical
AVProductStatesIdentifier,numerical,numerical,False,numerical
AVProductsInstalled,numerical,numerical,False,numerical
AVProductsEnabled,numerical,numerical,False,numerical
CityIdentifier,numerical,numerical,False,numerical
OrganizationIdentifier,numerical,numerical,False,numerical
GeoNameIdentifier,numerical,numerical,False,numerical
IeVerIdentifier,numerical,numerical,False,numerical
UacLuaenable,numerical,numerical,False,numerical
Census_OEMNameIdentifier,numerical,numerical,False,numerical
Census_OEMModelIdentifier,numerical,numerical,False,numerical
Census_ProcessorCoreCount,numerical,numerical,False,numerical
Census_ProcessorModelIdentifier,numerical,numerical,False,numerical
Census_PrimaryDiskTotalCapacity,numerical,numerical,False,numerical
Census_SystemVolumeTotalCapacity,numerical,numerical,False,numerical
Census_TotalPhysicalRAM,numerical,numerical,False,numerical
Census_InternalPrimaryDiagonalDisplaySizeInInches,numerical,numerical,False,numerical
Census_InternalPrimaryDisplayResolutionHorizontal,numerical,numerical,False,numerical
Census_InternalPrimaryDisplayResolutionVertical,numerical,numerical,False,numerical
Census_InternalBatteryNumberOfCharges,numerical,numerical,False,numerical
Census_OSInstallLanguageIdentifier,numerical,numerical,False,numerical
Census_IsFlightingInternal,numerical,numerical,False,numerical
Census_IsFlightsDisabled,numerical,numerical,False,numerical
Census_FirmwareManufacturerIdentifier,numerical,numerical,False,numerical
Census_FirmwareVersionIdentifier,numerical,numerical,False,numerical
Census_IsWIMBootEnabled,numerical,numerical,False,numerical
Wdft_RegionIdentifier,numerical,numerical,False,numerical
