Feature,Normalization/Standardization Strategy,Classified Data Type,Technical Data Type,Feature,Standardization,Normalization,Classified Data Type,Technical Data Type,Feature,Classified Data Type,Technical Data Type,Mean,Std,Min,Max,Skewness,Kurtosis
Census_IsPenCapable,Standardization,binary,int64,Census_IsPenCapable,True,True,binary,int64,Census_IsPenCapable,binary,int64,0.0358,0.18580046335039105,0.0,1.0,4.997008116879174,22.970090120156353
Census_IsTouchEnabled,Standardization,binary,int64,Census_IsTouchEnabled,True,True,binary,int64,Census_IsTouchEnabled,binary,int64,0.1191,0.32392234033521,0.0,1.0,2.351915869922832,3.531508259194875
Census_IsSecureBootEnabled,Standardization,binary,int64,Census_IsSecureBootEnabled,True,True,binary,int64,Census_IsSecureBootEnabled,binary,int64,0.4816,0.49968631023957494,0.0,1.0,0.07364988670665222,-1.9945756941880974
Census_IsPortableOperatingSystem,Standardization,binary,int64,Census_IsPortableOperatingSystem,True,True,binary,int64,Census_IsPortableOperatingSystem,binary,int64,0.0011,0.0331496589724377,0.0,1.0,30.1013622665527,904.0920103022415
IsSxsPassiveMode,Standardization,binary,int64,IsSxsPassiveMode,True,True,binary,int64,IsSxsPassiveMode,binary,int64,0.0178,0.1322305127073599,0.0,1.0,7.2936889063667785,51.197897862857765
Census_IsFlightsDisabled,No Action,binary,float64,Census_IsFlightsDisabled,False,False,binary,float64,Census_IsFlightsDisabled,binary,float64,0.0,0.0,0.0,0.0,,
Census_IsFlightingInternal,No Action,binary,float64,Census_IsFlightingInternal,False,False,binary,float64,Census_IsFlightingInternal,binary,float64,0.0,0.0,0.0,0.0,,
Census_IsAlwaysOnAlwaysConnectedCapable,Standardization,binary,float64,Census_IsAlwaysOnAlwaysConnectedCapable,True,True,binary,float64,Census_IsAlwaysOnAlwaysConnectedCapable,binary,float64,0.0565410199556541,0.230975128333712,0.0,1.0,3.85807545352123,12.884746205063038
IsProtected,Standardization,binary,float64,IsProtected,True,True,binary,float64,IsProtected,binary,float64,0.9509528585757272,0.21597730898902195,0.0,1.0,-4.183456932077312,15.50131190254572
IsBeta,No Action,binary,int64,IsBeta,False,False,binary,int64,IsBeta,binary,int64,0.0,0.0,0.0,0.0,,
HasTpm,Standardization,binary,int64,HasTpm,True,True,binary,int64,HasTpm,binary,int64,0.9889,0.10477541595611918,0.0,1.0,-9.332808509932697,85.10131468307219
HasDetections,Standardization,binary,int64,HasDetections,True,True,binary,int64,HasDetections,binary,int64,0.505,0.4999999999999927,0.0,1.0,-0.02000100007500625,-1.9995999599959995
Census_IsVirtualDevice,Standardization,binary,float64,Census_IsVirtualDevice,True,True,binary,float64,Census_IsVirtualDevice,binary,float64,0.007612942001402384,0.08692377106607206,0.0,1.0,11.339603413292672,126.58660557075888
Census_HasOpticalDiskDrive,Standardization,binary,int64,Census_HasOpticalDiskDrive,True,True,binary,int64,Census_HasOpticalDiskDrive,binary,int64,0.0716,0.2578373285790986,0.0,1.0,3.3231915950077093,9.04360237712988
Firewall,Standardization,binary,float64,Firewall,True,True,binary,float64,Firewall,binary,float64,0.9770799676898223,0.1496561586943733,0.0,1.0,-6.409063168271746,39.07609069489746
PuaMode,Standardization,binary,object,PuaMode,True,True,binary,object,PuaMode,binary,object,,,,,,
SMode,Standardization,binary,float64,SMode,True,True,binary,float64,SMode,binary,float64,0.00042593972952827174,0.020635010214380044,0.0,1.0,49.969994998599525,2495.0004001600637
AutoSampleOptIn,No Action,binary,int64,AutoSampleOptIn,False,False,binary,int64,AutoSampleOptIn,binary,int64,0.0,0.0,0.0,0.0,,
Wdft_IsGamer,Standardization,binary,float64,Wdft_IsGamer,True,True,binary,float64,Wdft_IsGamer,binary,float64,0.2822206170673821,0.4501033721792555,0.0,1.0,1.0162527349021069,-0.9672303788039875
Census_ThresholdOptIn,No Action,binary,float64,Census_ThresholdOptIn,False,False,binary,float64,Census_ThresholdOptIn,binary,float64,0.0,0.0,0.0,0.0,,
UacLuaenable,Standardization,binary,float64,UacLuaenable,True,True,binary,float64,UacLuaenable,binary,float64,0.9935942348113302,0.0797832593421877,0.0,1.0,-12.379678558986608,151.2564412238326
Census_IsWIMBootEnabled,No Action,binary,float64,Census_IsWIMBootEnabled,False,False,binary,float64,Census_IsWIMBootEnabled,binary,float64,0.0,0.0,0.0,0.0,,
EngineVersion,Standardization,categorical,object,EngineVersion,True,True,categorical,object,EngineVersion,categorical,object,,,,,,
IeVerIdentifier,Standardization,categorical,float64,IeVerIdentifier,True,True,categorical,float64,IeVerIdentifier,categorical,float64,126.28030226700253,41.6263806039149,41.0,337.0,3.2708197534137797,15.0264302087121
DefaultBrowsersIdentifier,Standardization,categorical,float64,DefaultBrowsersIdentifier,True,True,categorical,float64,DefaultBrowsersIdentifier,categorical,float64,1585.5762711864406,963.62421124488,10.0,3195.0,,
CountryIdentifier,Standardization,categorical,int64,CountryIdentifier,True,True,categorical,int64,CountryIdentifier,categorical,int64,109.4875,62.980791530118125,1.0,222.0,0.13076848639588426,-1.2545267012125405
CityIdentifier,Standardization,categorical,float64,CityIdentifier,True,True,categorical,float64,CityIdentifier,categorical,float64,81116.63720494957,49074.62057282358,41.0,167886.0,-0.10237305844056058,-1.2308661642602035
GeoNameIdentifier,Standardization,categorical,int64,GeoNameIdentifier,True,True,categorical,int64,GeoNameIdentifier,categorical,int64,172.2881,88.38853065655857,1.0,295.0,-0.261751290710668,-1.3490693779188359
AVProductStatesIdentifier,Standardization,categorical,float64,AVProductStatesIdentifier,True,True,categorical,float64,AVProductStatesIdentifier,categorical,float64,47816.19789368104,14070.304517608763,39.0,70262.0,-2.095031876316642,3.2508931641130285
Census_ProcessorModelIdentifier,Standardization,categorical,float64,Census_ProcessorModelIdentifier,True,True,categorical,float64,Census_ProcessorModelIdentifier,categorical,float64,2373.448372840498,841.8138956464413,19.0,4425.0,-0.9529438826760033,1.1784845681546372
MachineIdentifier,Standardization,categorical,object,MachineIdentifier,True,True,categorical,object,MachineIdentifier,categorical,object,,,,,,
OrganizationIdentifier,Standardization,categorical,float64,OrganizationIdentifier,True,True,categorical,float64,OrganizationIdentifier,categorical,float64,24.85671256454389,5.691840907153812,1.0,52.0,1.1818296853054857,5.649903381014935
OsBuild,Standardization,categorical,int64,OsBuild,True,True,categorical,int64,OsBuild,categorical,int64,15745.965,2170.4631483170783,7601.0,17758.0,-1.994320523534186,3.0790786206791134
OsBuildLab,Standardization,categorical,object,OsBuildLab,True,True,categorical,object,OsBuildLab,categorical,object,,,,,,
OsPlatformSubRelease,Standardization,categorical,object,OsPlatformSubRelease,True,True,categorical,object,OsPlatformSubRelease,categorical,object,,,,,,
OsSuite,Standardization,categorical,int64,OsSuite,True,True,categorical,int64,OsSuite,categorical,int64,569.4944,249.48817527810564,16.0,768.0,-0.4613675402341943,-1.7862781687989124
OsVer,Standardization,categorical,object,OsVer,True,True,categorical,object,OsVer,categorical,object,,,,,,
Platform,Standardization,categorical,object,Platform,True,True,categorical,object,Platform,categorical,object,,,,,,
Processor,Standardization,categorical,object,Processor,True,True,categorical,object,Processor,categorical,object,,,,,,
ProductName,Standardization,categorical,object,ProductName,True,True,categorical,object,ProductName,categorical,object,,,,,,
RtpStateBitfield,Standardization,categorical,float64,RtpStateBitfield,True,True,categorical,float64,RtpStateBitfield,categorical,float64,6.842364037728276,1.0342529998816474,0.0,8.0,-6.3993379758955875,39.301521631159986
SkuEdition,Standardization,categorical,object,SkuEdition,True,True,categorical,object,SkuEdition,categorical,object,,,,,,
SmartScreen,Standardization,categorical,object,SmartScreen,True,True,categorical,object,SmartScreen,categorical,object,,,,,,
LocaleEnglishNameIdentifier,Standardization,categorical,int64,LocaleEnglishNameIdentifier,True,True,categorical,int64,LocaleEnglishNameIdentifier,categorical,int64,122.9918,69.33833076424101,2.0,283.0,0.5811560823745402,-1.1252737664120256
Census_ProcessorManufacturerIdentifier,Standardization,categorical,float64,Census_ProcessorManufacturerIdentifier,True,True,categorical,float64,Census_ProcessorManufacturerIdentifier,categorical,float64,4.529329047810366,1.292424161319059,1.0,10.0,-2.3515345569581148,3.675459968355108
Census_OSWUAutoUpdateOptionsName,Standardization,categorical,object,Census_OSWUAutoUpdateOptionsName,True,True,categorical,object,Census_OSWUAutoUpdateOptionsName,categorical,object,,,,,,
Census_MDC2FormFactor,Standardization,categorical,object,Census_MDC2FormFactor,True,True,categorical,object,Census_MDC2FormFactor,categorical,object,,,,,,
AppVersion,Standardization,categorical,object,AppVersion,True,True,categorical,object,AppVersion,categorical,object,,,,,,
AvSigVersion,Standardization,categorical,object,AvSigVersion,True,True,categorical,object,AvSigVersion,categorical,object,,,,,,
Census_ActivationChannel,Standardization,categorical,object,Census_ActivationChannel,True,True,categorical,object,Census_ActivationChannel,categorical,object,,,,,,
Census_ChassisTypeName,Standardization,categorical,object,Census_ChassisTypeName,True,True,categorical,object,Census_ChassisTypeName,categorical,object,,,,,,
Census_DeviceFamily,Standardization,categorical,object,Census_DeviceFamily,True,True,categorical,object,Census_DeviceFamily,categorical,object,,,,,,
Census_FirmwareManufacturerIdentifier,Standardization,categorical,float64,Census_FirmwareManufacturerIdentifier,True,True,categorical,float64,Census_FirmwareManufacturerIdentifier,categorical,float64,397.5722891566265,220.9511750645478,93.0,1081.0,0.07104083215427903,-1.3145015622535918
Census_FirmwareVersionIdentifier,Standardization,categorical,float64,Census_FirmwareVersionIdentifier,True,True,categorical,float64,Census_FirmwareVersionIdentifier,categorical,float64,32870.96097809475,21156.29763050268,727.0,72070.0,0.3308237758807814,-1.1243476788029865
Census_FlightRing,Standardization,categorical,object,Census_FlightRing,True,True,categorical,object,Census_FlightRing,categorical,object,,,,,,
Census_GenuineStateName,Standardization,categorical,object,Census_GenuineStateName,True,True,categorical,object,Census_GenuineStateName,categorical,object,,,,,,
Census_InternalBatteryType,Standardization,categorical,object,Census_InternalBatteryType,True,True,categorical,object,Census_InternalBatteryType,categorical,object,,,,,,
Census_ProcessorClass,Standardization,categorical,object,Census_ProcessorClass,True,True,categorical,object,Census_ProcessorClass,categorical,object,,,,,,
Census_OEMModelIdentifier,Standardization,categorical,float64,Census_OEMModelIdentifier,True,True,categorical,float64,Census_OEMModelIdentifier,categorical,float64,238885.11077389985,72906.4221784193,150.0,345356.0,-1.037418829824462,1.208625592848974
Census_OEMNameIdentifier,Standardization,categorical,float64,Census_OEMNameIdentifier,True,True,categorical,float64,Census_OEMNameIdentifier,categorical,float64,2226.6488480194016,1321.7922266850899,74.0,5913.0,0.5403964812932361,-0.40206246305116355
Census_OSArchitecture,Standardization,categorical,object,Census_OSArchitecture,True,True,categorical,object,Census_OSArchitecture,categorical,object,,,,,,
Wdft_RegionIdentifier,Standardization,categorical,float64,Wdft_RegionIdentifier,True,True,categorical,float64,Wdft_RegionIdentifier,categorical,float64,7.86348158084821,4.594118218046734,1.0,15.0,-0.15899805134613654,-1.1853980011395582
Census_OSBuildNumber,Standardization,categorical,int64,Census_OSBuildNumber,True,True,categorical,int64,Census_OSBuildNumber,categorical,int64,15844.8797,1964.197177597891,10240.0,17758.0,-1.8900794160381595,2.5496176212892685
Census_PrimaryDiskTypeName,Standardization,categorical,object,Census_PrimaryDiskTypeName,True,True,categorical,object,Census_PrimaryDiskTypeName,categorical,object,,,,,,
Census_PowerPlatformRoleName,Standardization,categorical,object,Census_PowerPlatformRoleName,True,True,categorical,object,Census_PowerPlatformRoleName,categorical,object,,,,,,
Census_OSVersion,Standardization,categorical,object,Census_OSVersion,True,True,categorical,object,Census_OSVersion,categorical,object,,,,,,
Census_OSBranch,Standardization,categorical,object,Census_OSBranch,True,True,categorical,object,Census_OSBranch,categorical,object,,,,,,
Census_OSSkuName,Standardization,categorical,object,Census_OSSkuName,True,True,categorical,object,Census_OSSkuName,categorical,object,,,,,,
Census_OSInstallTypeName,Standardization,categorical,object,Census_OSInstallTypeName,True,True,categorical,object,Census_OSInstallTypeName,categorical,object,,,,,,
Census_OSUILocaleIdentifier,Standardization,categorical,int64,Census_OSUILocaleIdentifier,True,True,categorical,int64,Census_OSUILocaleIdentifier,categorical,int64,60.8239,45.07979489284146,5.0,161.0,1.0984246905686297,-0.3920170980718791
Census_OSEdition,Standardization,categorical,object,Census_OSEdition,True,True,categorical,object,Census_OSEdition,categorical,object,,,,,,
Census_OSBuildRevision,Standardization,categorical,int64,Census_OSBuildRevision,True,True,categorical,int64,Census_OSBuildRevision,categorical,int64,959.7648,2893.352406309288,0.0,17976.0,5.302284435409869,26.968794502494386
Census_OSInstallLanguageIdentifier,Standardization,numerical,float64,Census_OSInstallLanguageIdentifier,True,True,numerical,float64,Census_OSInstallLanguageIdentifier,numerical,float64,14.705751989523522,10.2464960448437,1.0,39.0,1.1169042490874614,-0.1588524661331574
Census_InternalPrimaryDiagonalDisplaySizeInInches,Standardization,numerical,float64,Census_InternalPrimaryDiagonalDisplaySizeInInches,True,True,numerical,float64,Census_InternalPrimaryDiagonalDisplaySizeInInches,numerical,float64,16.777939698492464,5.9689445550952245,4.9,81.3,4.977847597563358,37.56741828482539
Census_InternalPrimaryDisplayResolutionHorizontal,Standardization,numerical,float64,Census_InternalPrimaryDisplayResolutionHorizontal,True,True,numerical,float64,Census_InternalPrimaryDisplayResolutionHorizontal,numerical,float64,1550.934472361809,371.54917433800705,640.0,5760.0,2.5542397086131134,13.636601799974052
Census_InternalPrimaryDisplayResolutionVertical,Standardization,numerical,float64,Census_InternalPrimaryDisplayResolutionVertical,True,True,numerical,float64,Census_InternalPrimaryDisplayResolutionVertical,numerical,float64,899.647336683417,214.2541721575386,480.0,2880.0,2.72801488811537,11.767279274910653
Census_TotalPhysicalRAM,Standardization,numerical,float64,Census_TotalPhysicalRAM,True,True,numerical,float64,Census_TotalPhysicalRAM,numerical,float64,6204.309749697214,4659.155940030705,1023.0,65536.0,3.6657352385776627,26.43602847501768
Census_SystemVolumeTotalCapacity,Standardization,numerical,float64,Census_SystemVolumeTotalCapacity,True,True,numerical,float64,Census_SystemVolumeTotalCapacity,numerical,float64,376073.3930008045,321565.8653639364,10129.0,2860311.0,1.4589818389608007,2.983417899357698
Census_PrimaryDiskTotalCapacity,Standardization,numerical,float64,Census_PrimaryDiskTotalCapacity,True,True,numerical,float64,Census_PrimaryDiskTotalCapacity,numerical,float64,510857.71560740145,351176.19303594955,10680.0,3815447.0,1.1259865044163428,3.5354628007720192
AVProductsInstalled,Standardization,numerical,float64,AVProductsInstalled,True,True,numerical,float64,AVProductsInstalled,numerical,float64,1.316950852557673,0.5160125622320944,1.0,5.0,1.3717603506618838,1.2265844506198809
AVProductsEnabled,Standardization,numerical,float64,AVProductsEnabled,True,True,numerical,float64,AVProductsEnabled,numerical,float64,1.0191574724172519,0.16314595841897558,0.0,4.0,4.898241432889632,46.45802371384481
Census_InternalBatteryNumberOfCharges,Standardization,numerical,float64,Census_InternalBatteryNumberOfCharges,True,True,numerical,float64,Census_InternalBatteryNumberOfCharges,numerical,float64,1151681274.2582345,1902744361.3086624,0.0,4294967295.0,1.0960841987290582,-0.7985994292788918
Census_ProcessorCoreCount,Standardization,numerical,float64,Census_ProcessorCoreCount,True,True,numerical,float64,Census_ProcessorCoreCount,numerical,float64,4.0194857372438735,2.0121234705082847,1.0,32.0,2.367194464972592,13.262535600579213
