Feature,Remediation Strategy,Feature,Log Transformation,Square Root Transformation,Clipping,Removing Outliers,Feature,Z-Score Outliers,IQR Outliers,MAD Scores,Isolation Forest Outliers,LOF Outliers,DBSCAN Outliers,Skewness,Kurtosis
AVProductStatesIdentifier,Log Transformation,AVProductStatesIdentifier,True,True,True,True,AVProductStatesIdentifier,100,2049,3325,500,498,623,-2.095031876316642,3.2508931641130285
AVProductsEnabled,Log Transformation,AVProductsEnabled,True,True,True,True,AVProductsEnabled,255,255,255,255,3,3,4.898241432889632,46.45802371384481
AVProductsInstalled,Log Transformation,AVProductsInstalled,True,False,True,True,AVProductsInstalled,229,8,2922,229,8,1,1.3717603506618838,1.2265844506198809
AutoSampleOptIn,No Action,AutoSampleOptIn,False,False,False,False,AutoSampleOptIn,0,0,0,0,0,0,,
Census_FirmwareManufacturerIdentifier,Removing Outliers,Census_FirmwareManufacturerIdentifier,False,False,False,True,Census_FirmwareManufacturerIdentifier,4,0,7,497,154,77,0.07104083215427903,-1.3145015622535918
Census_FirmwareVersionIdentifier,Removing Outliers,Census_FirmwareVersionIdentifier,False,False,False,True,Census_FirmwareVersionIdentifier,0,0,0,500,482,4453,0.3308237758807814,-1.1243476788029865
Census_HasOpticalDiskDrive,Log Transformation,Census_HasOpticalDiskDrive,True,True,True,False,Census_HasOpticalDiskDrive,716,716,716,0,0,0,3.3231915950077093,9.04360237712988
Census_InternalBatteryNumberOfCharges,Log Transformation,Census_InternalBatteryNumberOfCharges,True,False,False,True,Census_InternalBatteryNumberOfCharges,0,0,4092,495,500,693,1.0960841987290582,-0.7985994292788918
Census_InternalPrimaryDiagonalDisplaySizeInInches,Log Transformation,Census_InternalPrimaryDiagonalDisplaySizeInInches,True,True,True,True,Census_InternalPrimaryDiagonalDisplaySizeInInches,127,1123,1882,367,493,38,4.977847597563358,37.56741828482539
Census_InternalPrimaryDisplayResolutionHorizontal,Log Transformation,Census_InternalPrimaryDisplayResolutionHorizontal,True,True,True,True,Census_InternalPrimaryDisplayResolutionHorizontal,168,107,4924,498,91,43,2.5542397086131134,13.636601799974052
Census_InternalPrimaryDisplayResolutionVertical,Log Transformation,Census_InternalPrimaryDisplayResolutionVertical,True,True,True,True,Census_InternalPrimaryDisplayResolutionVertical,192,192,4421,430,87,40,2.72801488811537,11.767279274910653
Census_IsAlwaysOnAlwaysConnectedCapable,Log Transformation,Census_IsAlwaysOnAlwaysConnectedCapable,True,True,True,False,Census_IsAlwaysOnAlwaysConnectedCapable,561,561,561,0,0,0,3.85807545352123,12.884746205063038
Census_IsFlightsDisabled,No Action,Census_IsFlightsDisabled,False,False,False,False,Census_IsFlightsDisabled,0,0,0,0,0,0,,
Census_IsPenCapable,Log Transformation,Census_IsPenCapable,True,True,True,True,Census_IsPenCapable,358,358,358,358,0,0,4.997008116879174,22.970090120156353
Census_IsPortableOperatingSystem,Log Transformation,Census_IsPortableOperatingSystem,True,True,False,False,Census_IsPortableOperatingSystem,11,11,11,11,11,0,30.1013622665527,904.0920103022415
Census_IsSecureBootEnabled,No Action,Census_IsSecureBootEnabled,False,False,False,False,Census_IsSecureBootEnabled,0,0,4816,0,0,0,0.07364988670665222,-1.9945756941880974
Census_IsTouchEnabled,Log Transformation,Census_IsTouchEnabled,True,True,True,False,Census_IsTouchEnabled,0,1191,1191,0,0,0,2.351915869922832,3.531508259194875
Census_IsVirtualDevice,Log Transformation,Census_IsVirtualDevice,True,True,True,True,Census_IsVirtualDevice,76,76,76,76,0,0,11.339603413292672,126.58660557075888
Census_OEMModelIdentifier,Log Transformation,Census_OEMModelIdentifier,True,False,True,True,Census_OEMModelIdentifier,102,67,484,499,500,5121,-1.037418829824462,1.208625592848974
Census_OEMNameIdentifier,Clipping,Census_OEMNameIdentifier,False,False,True,True,Census_OEMNameIdentifier,0,1077,1490,490,500,350,0.5403964812932361,-0.40206246305116355
Census_OSBuildNumber,Log Transformation,Census_OSBuildNumber,True,False,True,True,Census_OSBuildNumber,0,971,971,324,11,22,-1.8900794160381595,2.5496176212892685
Census_OSBuildRevision,Log Transformation,Census_OSBuildRevision,True,True,True,True,Census_OSBuildRevision,297,1452,1828,488,495,91,5.302284435409869,26.968794502494386
Census_OSInstallLanguageIdentifier,Log Transformation,Census_OSInstallLanguageIdentifier,True,False,True,True,Census_OSInstallLanguageIdentifier,0,260,4185,496,125,2,1.1169042490874614,-0.1588524661331574
Census_OSUILocaleIdentifier,Log Transformation,Census_OSUILocaleIdentifier,True,False,False,True,Census_OSUILocaleIdentifier,0,0,3964,421,134,6,1.0984246905686297,-0.3920170980718791
Census_PrimaryDiskTotalCapacity,Log Transformation,Census_PrimaryDiskTotalCapacity,True,True,True,True,Census_PrimaryDiskTotalCapacity,117,7,122,302,400,134,1.1259865044163428,3.5354628007720192
Census_ProcessorCoreCount,Log Transformation,Census_ProcessorCoreCount,True,True,True,True,Census_ProcessorCoreCount,138,1171,3917,332,39,2,2.367194464972592,13.262535600579213
Census_ProcessorManufacturerIdentifier,Log Transformation,Census_ProcessorManufacturerIdentifier,True,True,True,False,Census_ProcessorManufacturerIdentifier,2,1176,1176,0,2,2,-2.3515345569581148,3.675459968355108
Census_ProcessorModelIdentifier,Clipping,Census_ProcessorModelIdentifier,False,False,True,True,Census_ProcessorModelIdentifier,0,1027,1239,500,497,1099,-0.9529438826760033,1.1784845681546372
Census_SystemVolumeTotalCapacity,Log Transformation,Census_SystemVolumeTotalCapacity,True,False,True,True,Census_SystemVolumeTotalCapacity,81,83,1600,500,494,7291,1.4589818389608007,2.983417899357698
Census_TotalPhysicalRAM,Log Transformation,Census_TotalPhysicalRAM,True,True,True,True,Census_TotalPhysicalRAM,99,761,934,356,101,43,3.6657352385776627,26.43602847501768
CityIdentifier,Removing Outliers,CityIdentifier,False,False,False,True,CityIdentifier,0,0,0,496,500,4488,-0.10237305844056058,-1.2308661642602035
CountryIdentifier,Removing Outliers,CountryIdentifier,False,False,False,True,CountryIdentifier,0,0,0,495,500,119,0.13076848639588426,-1.2545267012125405
Firewall,Log Transformation,Firewall,True,True,True,True,Firewall,227,227,227,227,0,0,-6.409063168271746,39.07609069489746
GeoNameIdentifier,Removing Outliers,GeoNameIdentifier,False,False,False,True,GeoNameIdentifier,0,0,0,493,466,122,-0.261751290710668,-1.3490693779188359
HasDetections,No Action,HasDetections,False,False,False,False,HasDetections,0,0,4950,0,0,0,-0.02000100007500625,-1.9995999599959995
HasTpm,Log Transformation,HasTpm,True,True,True,True,HasTpm,111,111,111,111,0,0,-9.332808509932697,85.10131468307219
IeVerIdentifier,Log Transformation,IeVerIdentifier,True,True,True,True,IeVerIdentifier,300,654,980,392,171,80,3.2708197534137797,15.0264302087121
IsBeta,No Action,IsBeta,False,False,False,False,IsBeta,0,0,0,0,0,0,,
IsProtected,Log Transformation,IsProtected,True,True,True,True,IsProtected,489,489,489,489,0,0,-4.183456932077312,15.50131190254572
IsSxsPassiveMode,Log Transformation,IsSxsPassiveMode,True,True,True,True,IsSxsPassiveMode,178,178,178,178,0,0,7.2936889063667785,51.197897862857765
LocaleEnglishNameIdentifier,Removing Outliers,LocaleEnglishNameIdentifier,False,False,False,True,LocaleEnglishNameIdentifier,0,0,2225,477,272,84,0.5811560823745402,-1.1252737664120256
OrganizationIdentifier,Log Transformation,OrganizationIdentifier,True,True,True,True,OrganizationIdentifier,177,175,2250,246,63,34,1.1818296853054857,5.649903381014935
OsBuild,Log Transformation,OsBuild,True,True,True,True,OsBuild,99,1065,1065,326,12,27,-1.994320523534186,3.0790786206791134
OsSuite,No Action,OsSuite,False,False,False,False,OsSuite,0,0,3877,14,14,1,-0.4613675402341943,-1.7862781687989124
RtpStateBitfield,Log Transformation,RtpStateBitfield,True,True,True,True,RtpStateBitfield,225,264,264,264,7,1,-6.3993379758955875,39.301521631159986
SMode,Log Transformation,SMode,True,True,False,False,SMode,4,4,4,4,4,4,49.969994998599525,2495.0004001600637
UacLuaenable,Log Transformation,UacLuaenable,True,True,True,True,UacLuaenable,64,64,64,64,0,0,-12.379678558986608,151.2564412238326
Wdft_IsGamer,Log Transformation,Wdft_IsGamer,True,False,False,False,Wdft_IsGamer,0,0,2735,0,0,0,1.0162527349021069,-0.9672303788039875
Wdft_RegionIdentifier,Removing Outliers,Wdft_RegionIdentifier,False,False,False,True,Wdft_RegionIdentifier,0,0,0,413,4,4,-0.15899805134613654,-1.1853980011395582
