Feature,Previously Analyzed Type,Current Analyzed Type,Discrepancy
CountryIdentifier,numerical,categorical,True
OsBuild,numerical,categorical,True
OsSuite,numerical,categorical,True
Census_OSBuildNumber,numerical,categorical,True
Census_OSBuildRevision,numerical,categorical,True
Census_OSUILocaleIdentifier,numerical,categorical,True
IsBeta,binary,binary,False
IsSxsPassiveMode,binary,binary,False
HasTpm,binary,binary,False
LocaleEnglishNameIdentifier,binary,binary,False
IsProtected,binary,binary,False
AutoSampleOptIn,binary,binary,False
SMode,binary,binary,False
Firewall,binary,binary,False
UacLuaenable,binary,binary,False
Census_HasOpticalDiskDrive,binary,binary,False
Census_IsPortableOperatingSystem,binary,binary,False
Census_IsFlightingInternal,binary,binary,False
Census_IsFlightsDisabled,binary,binary,False
Census_ThresholdOptIn,binary,binary,False
Census_IsSecureBootEnabled,binary,binary,False
Census_IsWIMBootEnabled,binary,binary,False
Census_IsVirtualDevice,binary,binary,False
Census_IsTouchEnabled,binary,binary,False
Census_IsPenCapable,binary,binary,False
Census_IsAlwaysOnAlwaysConnectedCapable,binary,binary,False
Wdft_IsGamer,binary,binary,False
HasDetections,binary,binary,False
MachineIdentifier,categorical,categorical,False
ProductName,categorical,categorical,False
EngineVersion,categorical,categorical,False
AppVersion,categorical,categorical,False
AvSigVersion,categorical,categorical,False
Platform,categorical,categorical,False
Processor,categorical,categorical,False
OsVer,categorical,categorical,False
OsPlatformSubRelease,categorical,categorical,False
OsBuildLab,categorical,categorical,False
SkuEdition,categorical,categorical,False
PuaMode,categorical,categorical,False
SmartScreen,categorical,categorical,False
Census_MDC2FormFactor,categorical,categorical,False
Census_DeviceFamily,categorical,categorical,False
Census_ProcessorClass,categorical,categorical,False
Census_PrimaryDiskTypeName,categorical,categorical,False
Census_ChassisTypeName,categorical,categorical,False
Census_PowerPlatformRoleName,categorical,categorical,False
Census_InternalBatteryType,categorical,categorical,False
Census_OSVersion,categorical,categorical,False
Census_OSArchitecture,categorical,categorical,False
Census_OSBranch,categorical,categorical,False
Census_OSEdition,categorical,categorical,False
Census_OSSkuName,categorical,categorical,False
Census_OSInstallTypeName,categorical,categorical,False
Census_OSWUAutoUpdateOptionsName,categorical,categorical,False
Census_GenuineStateName,categorical,categorical,False
Census_ActivationChannel,categorical,categorical,False
Census_FlightRing,categorical,categorical,False
RtpStateBitfield,numerical,numerical,False
DefaultBrowsersIdentifier,numerical,numerical,False
AVProductStatesIdentifier,numerical,numerical,False
AVProductsInstalled,numerical,numerical,False
AVProductsEnabled,numerical,numerical,False
CityIdentifier,numerical,numerical,False
OrganizationIdentifier,numerical,numerical,False
GeoNameIdentifier,numerical,numerical,False
IeVerIdentifier,numerical,numerical,False
Census_OEMNameIdentifier,numerical,numerical,False
Census_OEMModelIdentifier,numerical,numerical,False
Census_ProcessorCoreCount,numerical,numerical,False
Census_ProcessorManufacturerIdentifier,numerical,numerical,False
Census_ProcessorModelIdentifier,numerical,numerical,False
Census_PrimaryDiskTotalCapacity,numerical,numerical,False
Census_SystemVolumeTotalCapacity,numerical,numerical,False
Census_TotalPhysicalRAM,numerical,numerical,False
Census_InternalPrimaryDiagonalDisplaySizeInInches,numerical,numerical,False
Census_InternalPrimaryDisplayResolutionHorizontal,numerical,numerical,False
Census_InternalPrimaryDisplayResolutionVertical,numerical,numerical,False
Census_InternalBatteryNumberOfCharges,numerical,numerical,False
Census_OSInstallLanguageIdentifier,numerical,numerical,False
Census_FirmwareManufacturerIdentifier,numerical,numerical,False
Census_FirmwareVersionIdentifier,numerical,numerical,False
Wdft_RegionIdentifier,numerical,numerical,False
